{"version": "KorQuAD_v1.0_train", "data": [{"paragraphs": [{"qas": [{"answers": [{"text": "\uad50\ud5a5\uace1", "answer_start": 54}], "id": "6566495-0-0", "question": "\ubc14\uadf8\ub108\ub294 \uad34\ud14c\uc758 \ud30c\uc6b0\uc2a4\ud2b8\ub97c \uc77d\uace0 \ubb34\uc5c7\uc744 \uc4f0\uace0\uc790 \ud588\ub294\uac00?"}, {"answers": [{"text": "1\uc545\uc7a5", "answer_start": 421}], "id": "6566495-0-1", "question": "\ubc14\uadf8\ub108\ub294 \uad50\ud5a5\uace1 \uc791\uace1\uc744 \uc5b4\ub514\uae4c\uc9c0 \uc4f4 \ub4a4\uc5d0 \uc911\ub2e8\ud588\ub294\uac00?"}, {"answers": [{"text": "\ubca0\ud1a0\ubca4\uc758 \uad50\ud5a5\uace1 9\ubc88", "answer_start": 194}], "id": "6566495-0-2", "question": "\ubc14\uadf8\ub108\uac00 \ud30c\uc6b0\uc2a4\ud2b8 \uc11c\uace1\uc744 \uc4f8 \ub54c \uc5b4\ub5a4 \uace1\uc758 \uc601\ud5a5\uc744 \ubc1b\uc558\ub294\uac00?"}, {"answers": [{"text": "\ud30c\uc6b0\uc2a4\ud2b8", "answer_start": 15}], "id": "6566518-0-0", "question": "1839\ub144 \ubc14\uadf8\ub108\uac00 \uad50\ud5a5\uace1\uc758 \uc18c\uc7ac\ub85c \uc4f0\ub824\uace0 \ud588\ub358 \ucc45\uc740?"}, {"answers": [{"text": "\ud569\ucc3d\uad50\ud5a5\uace1", "answer_start": 354}], "id": "6566518-0-1", "question": "\ud30c\uc6b0\uc2a4\ud2b8 \uc11c\uace1\uc758 \ub77c\ub2e8\uc870 \uc870\uc131\uc774 \uc601\ud5a5\uc744 \ubc1b\uc740 \ubca0\ud1a0\ubca4\uc758 \uace1\uc740?"}, {"answers": [{"text": "1839", "answer_start": 0}], "id": "5917067-0-0", "question": "\ubc14\uadf8\ub108\uac00 \ud30c\uc6b0\uc2a4\ud2b8\ub97c \ucc98\uc74c\uc73c\ub85c \uc77d\uc740 \ub144\ub3c4\ub294?"}, {"answers": [{"text": "\ud30c\ub9ac", "answer_start": 410}], "id": "5917067-0-1", "question": "\ubc14\uadf8\ub108\uac00 \ucc98\uc74c \uad50\ud5a5\uace1 \uc791\uace1\uc744 \ud55c \uc7a5\uc18c\ub294?"}, {"answers": [{"text": "\ub4dc\ub808\uc2a4\ub374", "answer_start": 534}], "id": "5917067-0-2", "question": "\ubc14\uadf8\ub108\uc758 1\uc545\uc7a5\uc758 \ucd08\uc5f0\uc740 \uc5b4\ub514\uc11c \uc5f0\uc8fc\ub418\uc5c8\ub294\uac00?"}], "context": "1839\ub144 \ubc14\uadf8\ub108\ub294 \uad34\ud14c\uc758 \ud30c\uc6b0\uc2a4\ud2b8\uc744 \ucc98\uc74c \uc77d\uace0 \uadf8 \ub0b4\uc6a9\uc5d0 \ub9c8\uc74c\uc774 \ub04c\ub824 \uc774\ub97c \uc18c\uc7ac\ub85c \ud574\uc11c \ud558\ub098\uc758 \uad50\ud5a5\uace1\uc744 \uc4f0\ub824\ub294 \ub73b\uc744 \uac16\ub294\ub2e4. \uc774 \uc2dc\uae30 \ubc14\uadf8\ub108\ub294 1838\ub144\uc5d0 \ube5b \ub3c5\ucd09\uc73c\ub85c \uc0b0\uc804\uc218\uc804\uc744 \ub2e4 \uac72\uc740 \uc0c1\ud669\uc774\ub77c \uc88c\uc808\uacfc \uc2e4\ub9dd\uc5d0 \uac00\ub4dd\ud588\uc73c\uba70 \uba54\ud53c\uc2a4\ud1a0\ud3a0\ub808\uc2a4\ub97c \ub9cc\ub098\ub294 \ud30c\uc6b0\uc2a4\ud2b8\uc758 \uc2ec\uacbd\uc5d0 \uacf5\uac10\ud588\ub2e4\uace0 \ud55c\ub2e4. \ub610\ud55c \ud30c\ub9ac\uc5d0\uc11c \uc544\ube0c\ub124\ud06c\uc758 \uc9c0\ud718\ub85c \ud30c\ub9ac \uc74c\uc545\uc6d0 \uad00\ud604\uc545\ub2e8\uc774 \uc5f0\uc8fc\ud558\ub294 \ubca0\ud1a0\ubca4\uc758 \uad50\ud5a5\uace1 9\ubc88\uc744 \ub4e3\uace0 \uae4a\uc740 \uac10\uba85\uc744 \ubc1b\uc558\ub294\ub370, \uc774\uac83\uc774 \uc774\ub4ec\ud574 1\uc6d4\uc5d0 \ud30c\uc6b0\uc2a4\ud2b8\uc758 \uc11c\uace1\uc73c\ub85c \uc4f0\uc5ec\uc9c4 \uc774 \uc791\ud488\uc5d0 \uc870\uae08\uc774\ub77c\ub3c4 \uc601\ud5a5\uc744 \ub07c\ucce4\uc73c\ub9ac\ub77c\ub294 \uac83\uc740 \uc758\uc2ec\ud560 \uc5ec\uc9c0\uac00 \uc5c6\ub2e4. \uc5ec\uae30\uc758 \ub77c\ub2e8\uc870 \uc870\uc131\uc758 \uacbd\uc6b0\uc5d0\ub3c4 \uadf8\uc758 \uc804\uae30\uc5d0 \uc801\ud600 \uc788\ub294 \uac83\ucc98\ub7fc \ub2e8\uc21c\ud55c \uc815\uc2e0\uc801 \ud53c\ub85c\ub098 \uc2e4\uc758\uac00 \ubc18\uc601\ub41c \uac83\uc774 \uc544\ub2c8\ub77c \ubca0\ud1a0\ubca4\uc758 \ud569\ucc3d\uad50\ud5a5\uace1 \uc870\uc131\uc758 \uc601\ud5a5\uc744 \ubc1b\uc740 \uac83\uc744 \ubcfc \uc218 \uc788\ub2e4. \uadf8\ub807\uac8c \uad50\ud5a5\uace1 \uc791\uace1\uc744 1839\ub144\ubd80\ud130 40\ub144\uc5d0 \uac78\uccd0 \ud30c\ub9ac\uc5d0\uc11c \ucc29\uc218\ud588\uc73c\ub098 1\uc545\uc7a5\uc744 \uc4f4 \ub4a4\uc5d0 \uc911\ub2e8\ud588\ub2e4. \ub610\ud55c \uc791\ud488\uc758 \uc644\uc131\uacfc \ub3d9\uc2dc\uc5d0 \uadf8\ub294 \uc774 \uc11c\uace1(1\uc545\uc7a5)\uc744 \ud30c\ub9ac \uc74c\uc545\uc6d0\uc758 \uc5f0\uc8fc\ud68c\uc5d0\uc11c \uc5f0\uc8fc\ud560 \ud30c\ud2b8\ubcf4\uae4c\uc9c0 \uc900\ube44\ud558\uc600\uc73c\ub098, \uc2e4\uc81c\ub85c\ub294 \uc774\ub8e8\uc5b4\uc9c0\uc9c0\ub294 \uc54a\uc558\ub2e4. \uacb0\uad6d \ucd08\uc5f0\uc740 4\ub144 \ubc18\uc774 \uc9c0\ub09c \ud6c4\uc5d0 \ub4dc\ub808\uc2a4\ub374\uc5d0\uc11c \uc5f0\uc8fc\ub418\uc5c8\uace0 \uc7ac\uc5f0\ub3c4 \uc774\ub8e8\uc5b4\uc84c\uc9c0\ub9cc, \uc774\ud6c4\uc5d0 \uadf8\ub300\ub85c \ubc29\uce58\ub418\uace0 \ub9d0\uc558\ub2e4. \uadf8 \uc0ac\uc774\uc5d0 \uadf8\ub294 \ub9ac\uc5d4\uce58\uc640 \ubc29\ud669\ud558\ub294 \ub124\ub35c\ub780\ub4dc\uc778\uc744 \uc644\uc131\ud558\uace0 \ud0c4\ud638\uc774\uc800\uc5d0\ub3c4 \ucc29\uc218\ud558\ub294 \ub4f1 \ubd84\uc8fc\ud55c \uc2dc\uac04\uc744 \ubcf4\ub0c8\ub294\ub370, \uadf8\ub7f0 \ubc14\uc05c \uc0dd\ud65c\uc774 \uc774 \uace1\uc744 \uc78a\uac8c \ud55c \uac83\uc774 \uc544\ub2cc\uac00 \ud558\ub294 \uc758\uacac\ub3c4 \uc788\ub2e4."}, {"qas": [{"answers": [{"text": "\ud55c\uc2a4 \ud3f0 \ubddc\ub85c", "answer_start": 402}], "id": "6566495-1-0", "question": "\ubc14\uadf8\ub108\uc758 \uc791\ud488\uc744 \uc2dc\uc778\uc758 \ud53c\ub85c \uc4f0\uc5ec\uc84c\ub2e4\uace0 \uadf9\ucc2c\ud55c \uac83\uc740 \ub204\uad6c\uc778\uac00?"}, {"answers": [{"text": "\ub9ac\uc2a4\ud2b8", "answer_start": 23}], "id": "6566495-1-1", "question": "\uc78a\ud600\uc838 \uc788\ub294 \ud30c\uc6b0\uc2a4\ud2b8 \uc11c\uace1 1\uc545\uc7a5\uc744 \ubd80\ud65c\uc2dc\ud0a8 \uac83\uc740 \ub204\uad6c\uc778\uac00?"}, {"answers": [{"text": "20\ub8e8\uc774\uc758 \uae08", "answer_start": 345}], "id": "6566495-1-2", "question": "\ubc14\uadf8\ub108\ub294 \ub2e4\uc2dc \uac1c\uc815\ub41c \ucd1d\ubcf4\ub97c \uc5bc\ub9c8\ub97c \ubc1b\uace0 \ud314\uc558\ub294\uac00?"}, {"answers": [{"text": "\ub9ac\uc2a4\ud2b8", "answer_start": 23}], "id": "6566518-1-0", "question": "\ud30c\uc6b0\uc2a4\ud2b8 \uad50\ud5a5\uace1\uc744 \ubd80\ud65c\uc2dc\ud0a8 \uc0ac\ub78c\uc740?"}, {"answers": [{"text": "\ud55c\uc2a4 \ud3f0 \ubddc\ub85c", "answer_start": 402}], "id": "6566518-1-1", "question": "\ud30c\uc6b0\uc2a4\ud2b8 \uad50\ud5a5\uace1\uc744 \ud53c\uc544\ub178 \ub3c5\uc8fc\uc6a9\uc73c\ub85c \ud3b8\uace1\ud55c \uc0ac\ub78c\uc740?"}, {"answers": [{"text": "\ub9ac\uc2a4\ud2b8", "answer_start": 23}], "id": "5917067-1-0", "question": "1\uc545\uc7a5\uc744 \ubd80\ud65c\uc2dc\ucf1c \uc5f0\uc8fc\ud55c \uc0ac\ub78c\uc740?"}, {"answers": [{"text": "\ud55c\uc2a4 \ud3f0 \ubddc\ub85c", "answer_start": 402}], "id": "5917067-1-1", "question": "\ud30c\uc6b0\uc2a4\ud2b8 \uad50\ud5a5\uace1\uc5d0 \uac10\ud0c4\ud558\uc5ec \ud53c\uc544\ub178\uace1\uc73c\ub85c \ud3b8\uace1\ud55c \uc0ac\ub78c\uc740?"}, {"answers": [{"text": "1840\ub144", "answer_start": 3}], "id": "5917067-1-2", "question": "\ub9ac\uc2a4\ud2b8\uac00 \ubc14\uadf8\ub108\uc640 \uc54c\uac8c \ub41c \uc5f0\ub3c4\ub294?"}], "context": "\ud55c\ud3b8 1840\ub144\ubd80\ud130 \ubc14\uadf8\ub108\uc640 \uc54c\uace0 \uc9c0\ub0b4\ub358 \ub9ac\uc2a4\ud2b8\uac00 \uc78a\ud600\uc838 \uc788\ub358 1\uc545\uc7a5\uc744 \ubd80\ud65c\uc2dc\ucf1c 1852\ub144\uc5d0 \ubc14\uc774\ub9c8\ub974\uc5d0\uc11c \uc5f0\uc8fc\ud588\ub2e4. \uc774\uac83\uc744 \uacc4\uae30\ub85c \ubc14\uadf8\ub108\ub3c4 \uc774 \uc791\ud488\uc5d0 \ub2e4\uc2dc \uad00\uc2ec\uc744 \uac16\uac8c \ub418\uc5c8\uace0, \uadf8 \ud574 9\uc6d4\uc5d0\ub294 \ucd1d\ubcf4\uc758 \ubc18\ud658\uc744 \uc694\uad6c\ud558\uc5ec \uc774\ub97c \uc11c\uace1\uc73c\ub85c \uac04\ucd94\ub9b0 \ub2e4\uc74c \uc218\uc815\uc744 \ud588\uace0 \ube0c\ub77c\uc774\ud2b8\ucf54\ud504\ud750 & \ud5e4\ub974\ud154 \ucd9c\ud310\uc0ac\uc5d0\uc11c \ucd9c\ud310\ud560 \uac1c\uc815\ud310\ub3c4 \uc900\ube44\ud588\ub2e4. 1853\ub144 5\uc6d4\uc5d0\ub294 \ub9ac\uc2a4\ud2b8\uac00 \uc774 \uc791\ud488\uc774 \uc218\uc815\ub418\uc5c8\ub2e4\ub294 \uac83\uc744 \uc778\uc815\ud588\uc9c0\ub9cc, \ub05d\ub0b4 \ubc14\uadf8\ub108\uc758 \ucd9c\ud310 \uacc4\ud68d\uc740 \ubb34\uc0b0\ub418\uace0 \ub9d0\uc558\ub2e4. \uc774\ud6c4 1855\ub144\uc5d0 \ub9ac\uc2a4\ud2b8\uac00 \uc790\uc2e0\uc758 \uc791\ud488 \ud30c\uc6b0\uc2a4\ud2b8 \uad50\ud5a5\uace1\uc744 \uac70\uc758 \uc644\uc131\ud558\uc5ec \uadf8 \uc0ac\uc2e4\uc744 \ubc14\uadf8\ub108\uc5d0\uac8c \uc54c\ub838\uace0, \ubc14\uadf8\ub108\ub294 \ub2e4\uc2dc \uac1c\uc815\ub41c \ucd1d\ubcf4\ub97c \ub9ac\uc2a4\ud2b8\uc5d0\uac8c \ubcf4\ub0b4\uace0 \ube0c\ub77c\uc774\ud2b8\ucf54\ud504\ud750 & \ud5e4\ub974\ud154 \ucd9c\ud310\uc0ac\uc5d0\ub294 20\ub8e8\uc774\uc758 \uae08\uc744 \ubc1b\uace0 \ud314\uc558\ub2e4. \ub610\ud55c \uadf8\uc758 \uc791\ud488\uc744 \u201c\ud558\ub098\ud558\ub098\uc758 \uc74c\ud45c\uac00 \uc2dc\uc778\uc758 \ud53c\ub85c \uc4f0\uc5ec\uc84c\ub2e4\u201d\uba70 \uadf9\ucc2c\ud588\ub358 \ud55c\uc2a4 \ud3f0 \ubddc\ub85c\uac00 \uadf8\uac83\uc744 \ud53c\uc544\ub178 \ub3c5\uc8fc\uc6a9\uc73c\ub85c \ud3b8\uace1\ud588\ub294\ub370, \ub9ac\uc2a4\ud2b8\ub294 \uadf8\uac83\uc744 \uc57d\uac04 \ubcc0\ud615\ub418\uc5c8\uc744 \ubfd0\uc774\ub77c\uace0 \uc9c0\uc801\ud588\ub2e4. \uc774 \uc11c\uace1\uc758 \ucd1d\ubcf4 \uccab\uba38\ub9ac\uc5d0\ub294 \ud30c\uc6b0\uc2a4\ud2b8 1\ubd80\uc758 \ub0b4\uc6a9 \uc911 \ud55c \uad6c\uc808\uc744 \uc778\uc6a9\ud558\uace0 \uc788\ub2e4."}, {"qas": [{"answers": [{"text": "\uc8fc\uc81c, \ub3d9\uae30", "answer_start": 70}], "id": "6566495-2-0", "question": "\uc11c\uc8fc\uc5d0\ub294 \ubb34\uc5c7\uc774 \uc554\uc2dc\ub418\uc5b4 \uc788\ub294\uac00?"}, {"answers": [{"text": "\uc81c1\ubc14\uc774\uc62c\ub9b0", "answer_start": 148}], "id": "6566495-2-1", "question": "\uccab\ubd80\ubd84\uc5d0\ub294 \uc5b4\ub5a4 \uc545\uae30\ub97c \uc0ac\uc6a9\ud574 \ub354\uc6b1 \uba85\ud655\ud558\uac8c \ub098\ud0c0\ub0b4\ub294\uac00?"}, {"answers": [{"text": "\uc18c\ub098\ud0c0 \ud615\uc2dd", "answer_start": 272}], "id": "6566495-2-2", "question": "\uc8fc\uc694\ubd80\ub294 \uc5b4\ub5a4 \ud615\uc2dd\uc73c\ub85c \ub418\uc5b4 \uc788\ub294\uac00?"}, {"answers": [{"text": "\uc800\uc74c \uc8fc\uc81c", "answer_start": 102}], "id": "6566518-2-0", "question": "\uccab \ubd80\ubd84\uc758 \uc8fc\uc694\uc8fc\uc81c\ub97c \uc554\uc2dc\ud558\ub294 \uc8fc\uc81c\ub294?"}, {"answers": [{"text": "D\uc7a5\uc870", "answer_start": 409}], "id": "6566518-2-1", "question": "\uc81c2\uc8fc\uc81c\uc758 \ucd95\uc18c\ub41c \uc7ac\ud604\ubd80\uc758 \uc870\uc131\uc740?"}, {"answers": [{"text": "4/4\ubc15\uc790", "answer_start": 35}], "id": "5917067-2-0", "question": "\uace1\uc774 \uc2dc\uc791\ud560\ub54c\uc758 \ubc15\uc790\ub294?"}, {"answers": [{"text": "\uace0\ub1cc\uc640 \uac08\ub9dd \ub3d9\uae30, \uccad\ucd98\uc758 \uc0ac\ub791 \ub3d9\uae30", "answer_start": 115}], "id": "5917067-2-1", "question": "\uc774 \uace1\uc758 \uc8fc\uc694 \uc8fc\uc81c\ub294?"}, {"answers": [{"text": "D\uc7a5\uc870", "answer_start": 409}], "id": "5917067-2-2", "question": "\uc81c 2\uc8fc\uc81c\uc5d0\uc120 \ubb34\uc2a8 \uc7a5\uc870\ub85c \uc7ac\ud604\ub418\ub294\uac00?"}], "context": "\uc774 \uc791\ud488\uc740 \ub77c\ub2e8\uc870, Sehr gehalten(\uc544\uc8fc \uc2e0\uc911\ud558\uac8c), 4/4\ubc15\uc790\uc758 \ubd80\ub4dc\ub7ec\uc6b4 \uc11c\uc8fc\ub85c \uc11c\uc8fc\ub85c \uc2dc\uc791\ub418\ub294\ub370, \uc5ec\uae30\uc5d0\ub294 \uc8fc\uc694 \uc8fc\uc81c, \ub3d9\uae30\uc758 \ub300\ubd80\ubd84\uc774 \uc554\uc2dc, \uc608\uace0\ub418\uc5b4 \uc788\ub2e4. \uccab \ubd80\ubd84\uc758 \uc800\uc74c \uc8fc\uc81c\ub294 \uc8fc\uc694 \uc8fc\uc81c(\uace0\ub1cc\uc640 \uac08\ub9dd \ub3d9\uae30, \uccad\ucd98\uc758 \uc0ac\ub791 \ub3d9\uae30)\ub97c \uc554\uc2dc\ud558\uace0 \uc788\uc73c\uba70, \uc81c1\ubc14\uc774\uc62c\ub9b0\uc73c\ub85c \ub354\uc6b1 \uba85\ud655\ud558\uac8c \ub098\ud0c0\ub09c\ub2e4. \ub610\ud55c \uadf8\uac83\uc744 \uc774\uc5b4\ubc1b\ub294 \ub3d9\uae30\ub3c4 \uc911\uc694\ud55c \uc5ed\ud560\uc744 \ud55c\ub2e4. \uc5ec\uae30\uc5d0 \uc0c8\ub85c\uc6b4 \uc18c\uc7ac\uac00 \ub354\ud574\uc9c4 \ub4a4\uc5d0 \uc0c8\ub85c\uc6b4 \uc8fc\uc81c\ub3c4 \uc5f0\uc8fc\ub41c\ub2e4. \uc8fc\uc694\ubd80\ub294 Sehr bewegt(\uc544\uc8fc \uaca9\ub3d9\uc801\uc73c\ub85c), 2/2\ubc15\uc790\uc758 \uc790\uc720\ub85c\uc6b4 \uc18c\ub098\ud0c0 \ud615\uc2dd\uc73c\ub85c \ub9e4\uc6b0 \ub4dc\ub77c\ub9c8\ud2f1\ud55c \uad6c\uc0c1\uacfc \uc720\uae30\uc801\uc778 \uad6c\uc131\uc744 \ud558\uace0 \uc788\ub2e4. \uc5ec\uae30\uc5d0\ub294 \uc9c0\uae08\uae4c\uc9c0\uc758 \uc8fc\uc81c\ub098 \uc18c\uc7ac \uc678\uc5d0\ub3c4 \uc624\ubcf4\uc5d0\uc5d0 \uc758\ud55c \uc120\uc728\uacfc \uc81c2\uc8fc\uc81c\ub97c \ub5a0\uc62c\ub9ac\uac8c \ud558\ub294 \ubd80\ucc28\uc801\uc778 \uc8fc\uc81c\uac00 \ub354\ud574\uc9c0\ub294\ub370, \uc911\uac04\ubd80\uc5d0\uc11c\ub294 \uc57d\ubcf43\uc774 \uc911\uc2ec\uc774 \ub418\uace0 \uc81c2\uc8fc\uc81c\ub294 \ucd95\uc18c\ub41c \uc7ac\ud604\ubd80\uc5d0\uc11c D\uc7a5\uc870\ub85c \uc7ac\ud604\ub41c\ub2e4. \ub9c8\uc9c0\ub9c9\uc5d0\ub294 \uc8fc\uc694 \uc8fc\uc81c\ub97c \ud68c\uc0c1\ud558\uba74\uc11c \uc870\uc6a9\ud788 \ub9c8\uce5c\ub2e4."}], "title": "\ud30c\uc6b0\uc2a4\ud2b8_\uc11c\uace1"}, {"paragraphs": [{"qas": [{"answers": [{"text": "\ucee4\ub2d0\ub9c1\uad6c\uc2a4", "answer_start": 0}], "id": "6561639-0-0", "question": "\ubaa8\ub4e0 \uad6c\uac15\uae30\uad00\uc73c\ub85c \uc5ec\uc131\uc758 \uc131\uae30\ub97c \uc560\ubb34\ud558\ub294 \uac83\uc744 \ubb50\ub77c\uace0 \ud558\ub294\uac00?"}, {"answers": [{"text": "\ud074\ub9ac\ud1a0\ub9ac\uc2a4", "answer_start": 218}], "id": "6561639-0-1", "question": "\uad6c\uac15\uc131\uad50\ub97c \ud560 \ub54c \uc911\uc694\ud55c \uac10\uac01\uc740 \ubb34\uc5c7\uc778\uac00?"}, {"answers": [{"text": "\ucee4\ub2d0\ub9c1\uad6c\uc2a4", "answer_start": 0}], "id": "6561642-0-0", "question": "\uad6c\uac15\uae30\uad00\uc73c\ub85c \uc5ec\uc131\uc758 \uc131\uae30\ub97c \uc560\ubb34\ud558\ub294 \ud589\uc704\ub97c \ub73b\ud558\ub294 \uc6a9\uc5b4\ub294?"}, {"answers": [{"text": "\ud074\ub9ac\ud1a0\ub9ac\uc2a4", "answer_start": 218}], "id": "6561642-0-1", "question": "\uad6c\uac15\uc131\uad50\uc2dc \ud2b9\ud788 \uc5b4\ub290 \ubd80\uc704\uc758 \uac10\uac01\uc774 \uc911\uc694\ud55c\uac00?"}, {"answers": [{"text": "\uad6c\uac15\uc131\uad50", "answer_start": 80}], "id": "6561653-0-0", "question": "\uc5ec\uc131\uc758 \uc131\uae30\ub97c \uc560\ubb34\ud558\ub294 \uac83\uc744 \ub9d0\ud558\ub294 \ucee4\ub2d0\ub9c1\uad6c\uc2a4\ub97c \ub2e4\ub978 \ub9d0\ub85c \ubb34\uc5c7\uc774\ub77c\uace0 \ud569\ub2c8\uae4c?"}, {"answers": [{"text": "\ud074\ub9ac\ud1a0\ub9ac\uc2a4", "answer_start": 218}], "id": "6561653-0-1", "question": "\ucee4\ub2d0\ub9c1\uad6c\uc2a4\ub294 \ubc1b\ub294 \uc0ac\ub78c\uc774 \ub2e4\uc591\ud55c \uc131\uac10\uc744 \ub290\ub07c\ub294 \uc6d0\uc778\uc774 \ub418\uba70 \ubb34\uc5c7\uc758 \uac10\uac01\uc774 \ud2b9\ud788 \uc911\uc694\ud569\ub2c8\uae4c?"}], "context": "\ucee4\ub2d0\ub9c1\uad6c\uc2a4(\ucee4\ub2d0\ub9c1\uac70\uc2a4, \ucfe4\ub2d0\ub9c1\uad6c\uc2a4, \uc601\uc5b4: Cunnilingus)\ub294 \uc785\uc220, \ud600, \uc785 \ub4f1\uc758 \ubaa8\ub4e0 \uad6c\uac15\uae30\uad00\uc73c\ub85c \uc5ec\uc131\uc758 \uc131\uae30\ub97c \uc560\ubb34\ud558\ub294 \uac83\uc744 \ub9d0\ud558\uba70 \uad6c\uac15\uc131\uad50(\uc624\ub7f4\uc139\uc2a4, \uc601\uc5b4: Oral sex)\ub77c\uace0\ub3c4 \ud55c\ub2e4. \ubcf4\ud1b5 \ub0a8\uc131\uc774 \ud589\ud558\uba70 \ub3d9\uc131\uc758 \uc5ec\uc131\uc774 \ud589\ud558\ub294 \uacbd\uc6b0\ub3c4 \uc788\ub2e4. \ud600\ub97c \uc9c8\uc5d0 \ub123\uac70\ub098 \uc5ec\uc131\uc758 \ud074\ub9ac\ud1a0\ub9ac\uc2a4, \uc678\uc74c\ubd80\ub098 \uadf8 \uc8fc\ubcc0\uc744 \ud565\uac70\ub098 \ube68\uc544\uc11c \uc560\ubb34\ud55c\ub2e4. \ubc1b\ub294 \uc0ac\ub78c\uc774 \ub2e4\uc591\ud55c \uc131\uac10\uc744 \ub290\ub07c\ub294 \uc6d0\uc778\uc774 \ub418\uba70 \ud2b9\ud788 \ud074\ub9ac\ud1a0\ub9ac\uc2a4\uc758 \uac10\uac01\uc774 \ub9e4\uc6b0 \uc911\uc694\ud558\ub2e4. \ud0c0\uc561\uacfc \uc218\uc131\uc724\ud65c\uc81c\uac00 \uc790\uc8fc \uc0ac\uc6a9\ub418\uace0 \uc774\uac83\ub4e4\uc740 \ubd80\ub4dc\ub7fd\uac8c \ub9e4\ub044\ub7ec\uc6b4 \uc790\uadf9\uc744 \uac00\ub2a5\ud558\uac8c \ud55c\ub2e4. \ud30c\ud2b8\ub108\uc758 \ubc18\uc751\uc5d0 \uadc0\ub97c \uae30\uc6b8\uc774\uba74\uc11c \uc190\uac00\ub77d\uacfc \uac19\uc740 \ub2e4\ub978 \uc560\ubb34\uc640 \ud568\uaed8 \ubab8 \uc804\uccb4\uc5d0 \ub2e4\uc591\ud55c \uc790\uadf9\uacfc \uacb0\ud569\ud558\uc5ec \uc591\uce21\uc774 \ud3ed\ub113\uc740 \uc990\uac70\uc6c0\uc744 \ub098\ub20c \uc218 \uc788\uac8c \ud55c\ub2e4. \uc804\ud76c\ub85c\uc11c \ud558\ub294 \uacbd\uc6b0\uac00 \ub9ce\uc9c0\ub9cc, \uc624\ub974\uac00\uc998\uc5d0\uc758 \ub3c4\ub2ec \uc5ec\ubd80\uc5d0 \uad00\uacc4\uc5c6\uc774 \ucee4\ub2d0\ub9c1\uad6c\uc2a4 \uc790\uccb4\uac00 \uc131\ud589\uc704\uc774\ub2e4."}, {"qas": [{"answers": [{"text": "\uc250\uc5b4 \ud558\uc774\ud2b8", "answer_start": 61}], "id": "6561639-1-0", "question": "\uc624\ub974\uac00\uc2b4\uc740 \ud074\ub9ac\ud1a0\ub9ac\uc2a4\uc5d0 \uc9c1\uc811\uc801\uc778 \uc790\uadf9\uc744 \uc8fc\ub294 \ucee4\ub2d0\ub9c1\uad6c\uc2a4\ub97c \ud1b5\ud574 \uc27d\uac8c \ub3c4\ub2ec\ud560 \uc218 \uc788\ub2e4\uace0 \uc5ec\uc131\uc758 \uc131 \ubcf4\uace0\uc11c\ub97c \uc4f4 \uc0ac\ub78c\uc740 \ub204\uad6c\uc778\uac00?"}, {"answers": [{"text": "\uac1c\uc778 \uc704\uc0dd", "answer_start": 357}], "id": "6561639-1-1", "question": "\uc5ec\uc131\uc774 \ucee4\ub2d0\ub9c1\uad6c\uc2a4\ub97c \ud558\uae30 \uc804\uc5d0 \uc911\uc694\ud558\uac8c \uc0dd\uac01\ud558\ub294 \uac83\uc740 \ubb34\uc5c7\uc778\uac00?"}, {"answers": [{"text": "80%", "answer_start": 17}], "id": "6561642-1-0", "question": "\uc77c\ubc18\uc801 \ud1b5\uacc4\uc5d0 \ub530\ub974\uba74 \uc624\ub974\uac00\uc2b4\uc744 \uc5bb\uae30 \uc704\ud574 \uc9c1\uc811\uc801\uc778 \uc74c\ud575 \uc790\uadf9\uc744 \ud544\uc694\ub85c \ud558\ub294 \uc5ec\uc131\uc740 \uba87 \ud37c\uc13c\ud2b8\uc778\uac00?"}, {"answers": [{"text": "\uc250\uc5b4 \ud558\uc774\ud2b8", "answer_start": 61}], "id": "6561642-1-1", "question": "\ub300\ubd80\ubd84\uc758 \uc5ec\uc131\uc774 \ucee4\ub2d0\ub9c1\uad6c\uc2a4\ub97c \ud1b5\ud574 \uc27d\uac8c \uc624\ub974\uac00\uc2b4\uc5d0 \ub3c4\ub2ec\ud560 \uc218 \uc788\ub2e4\ub294 \uc131 \ubcf4\uace0\uc11c\ub97c \uc791\uc131\ud55c \ud559\uc790\ub294 \ub204\uad6c\uc778\uac00?"}, {"answers": [{"text": "\uc74c\ud575 \uc790\uadf9", "answer_start": 39}], "id": "6561653-1-0", "question": "\uc77c\ubc18\uc801\uc778 \ud1b5\uacc4\ub85c \ubcfc \ub54c, \uc5ec\uc131\uc758 80%\uac00 \uc624\ub974\uac00\uc2b4\uc744 \uc5bb\uc73c\ub824\uace0 \uc9c1\uc811\uc801\uc778 \uc5b4\ub5a4 \uc790\uadf9\uc744 \ud544\uc694\ub85c \ud569\ub2c8\uae4c?"}, {"answers": [{"text": "\uc74c\uc21c", "answer_start": 208}], "id": "6561653-1-1", "question": "\ucee4\ub2d0\ub9c1\uad6c\uc2a4\ub97c \ubc1b\ub294 \uc5ec\uc131\uc740 \ud30c\ud2b8\ub108\uc758 \ud600\uac00 \ud074\ub9ac\ud1a0\ub9ac\uc2a4\ub97c \uc798 \uc790\uadf9\ud560 \uc218 \uc788\ub3c4\ub85d \uc190\uac00\ub77d\uc744 \uc0ac\uc6a9\ud558\uba74 \uc9c1\uc811 \ubb34\uc5c7\uc744 \ubd84\ub9ac\ud560 \uc218 \uc788\uc2b5\ub2c8\uae4c?"}], "context": "\uc77c\ubc18\uc801\uc778 \ud1b5\uacc4\uc5d0 \ub530\ub974\uba74 \uc5ec\uc131\uc758 80%\uac00 \uc624\ub974\uac00\uc2b4\uc744 \uc5bb\uae30 \uc704\ud574 \uc9c1\uc811\uc801\uc778 \uc74c\ud575 \uc790\uadf9\uc744 \ud544\uc694\ub85c \ud55c\ub2e4. \uc131\uad50\uc721 \ud559\uc790 \uc250\uc5b4 \ud558\uc774\ud2b8\uc758 \uc5ec\uc131\uc758 \uc131 \ubcf4\uace0\uc11c\uc5d0 \ub530\ub974\uba74 \ub300\ubd80\ubd84\uc758 \uc5ec\uc131\uc758 \uacbd\uc6b0 \uc624\ub974\uac00\uc2b4\uc740 \ud074\ub9ac\ud1a0\ub9ac\uc2a4\uc5d0 \uc9c1\uc811\uc801\uc778 \uc790\uadf9\uc744 \uc8fc\ub294 \ucee4\ub2d0\ub9c1\uad6c\uc2a4\ub97c \ud1b5\ud574 \uc27d\uac8c \ub3c4\ub2ec\ud560 \uc218 \uc788\ub2e4\uace0 \ubcf4\uace0\ud558\uace0 \uc788\ub2e4. \ucee4\ub2d0\ub9c1\uad6c\uc2a4\ub97c \ubc1b\ub294 \uc5ec\uc131\uc740 \ud30c\ud2b8\ub108\uc758 \ud600\uac00 \ud074\ub9ac\ud1a0\ub9ac\uc2a4\ub97c \ub354 \uc798 \uc790\uadf9\ud560 \uc218 \uc788\ub3c4\ub85d \uc190\uac00\ub77d\uc744 \uc0ac\uc6a9, \uc9c1\uc811 \uc74c\uc21c\uc744 \ubd84\ub9ac \ud560 \uc218 \u200b\u200b\uc788\ub2e4. \ub610 \ub2e4\ub9ac\ub97c \ub113\uac8c \ubc8c\ub9ac\uba74 \ud30c\ud2b8\ub108\uac00 \ud074\ub9ac\ud1a0\ub9ac\uc2a4\uc5d0 \uad6c\ub450\ub85c \uc27d\uac8c \ub3c4\ub2ec \ud560 \uc218 \uc788\ub3c4\ub85d \uc678\uc74c\ubd80\ub97c \ub4dc\ub7ec\ub0bc \uc218 \uc788\ub2e4. \ud30c\ud2b8\ub108\ub294 \uc74c\uc21c\uacfc \uc804\uccb4 \uc0dd\uc2dd\uae30 \uc601\uc5ed\uc5d0 \ub300\ud574 \ubcf4\ub2e4 \ubd80\ub4dc\ub7fd\uace0 \uc9d1\uc911\uc801\uc774\uc9c0 \uc54a\uc740 \uc790\uadf9\uc73c\ub85c \uc2dc\uc791\ud558\ub294 \uac83\uc774 \uc88b\ub2e4. \uc5ec\uc131\uc740 \ucee4\ub2d0\ub9c1\uad6c\uc2a4\ub97c \ud558\uae30 \uc804\uc5d0 \uac1c\uc778 \uc704\uc0dd\uc744 \uc911\uc694\ud558\uac8c \uc0dd\uac01\ud55c\ub2e4. \uc77c\ubd80 \uc5ec\uc131\ub4e4\uc740 \uc74c\ubaa8\ub97c \uc81c\uac70\ud558\uac70\ub098 \ub2e4\ub4ec\uc5b4 \ucee4\ub2d0\ub9c1\uad6c\uc2a4 \uacbd\ud5d8\uc744 \ud5a5\uc0c1\uc2dc\ud0a4\uace0 \uc788\ub2e4."}, {"qas": [{"answers": [{"text": "\ubc30\uaf3d", "answer_start": 88}], "id": "6561639-2-0", "question": "\uc131\uacbd\uc5d0\uc11c \ucee4\ub2d0\ub9c1\uad6c\uc2a4\uc5d0 \ub300\ud574 \uc6b0\ud68c\uc801\uc73c\ub85c \ubc88\uc5ed\ud55c \ub2e8\uc5b4\ub294 \ubb34\uc5c7\uc778\uac00?"}, {"answers": [{"text": "\ud3ec\ub3c4\uc8fc", "answer_start": 116}], "id": "6561639-2-1", "question": "\uc721\uc721\uc801\uc778 \uadf8\ub987\uc5d0\uc11c \ub9c8\uc2dc\uace0 \uc2f6\uc740 \ub0a8\uc790\uc758 \uc695\ub9dd\uc744 \uc554\uc2dc\ud560 \ub54c \uc5ec\uc131\uc758 \uc6c5\ub369\uc774\uc5d0 \uac00\ub4dd \ucc44\uc6cc\uc9c0\uace0 \uc788\ub358 \uac83\uc740 \ubb34\uc5c7\uc778\uac00?"}, {"answers": [{"text": "\ubc30\uaf3d", "answer_start": 88}], "id": "6561642-2-0", "question": "\uc544\uac00\uc11c \uc911 \ucee4\ub2d0\ub9c1\uad6c\uc2a4\uc5d0 \ub300\ud55c \uc6b0\ud68c\uc801 \uc5b8\uae09\uc73c\ub85c \uc0dd\uac01\ud560 \uc218 \uc788\ub294 \uad6c\uc808\uc758 \ud575\uc2ec \ub2e8\uc5b4\ub294 \uc8fc\ub85c \ubb34\uc5c7\uc73c\ub85c \ubc88\uc5ed\ub418\ub294\uac00?"}, {"answers": [{"text": "\uce75\ud14c\uc77c", "answer_start": 261}], "id": "6561642-2-1", "question": "\uc544\uac00\uc11c 7\uc7a5 3\uc808\uc5d0 \ub300\ud55c \ud574\uc11d \uc911 \uc74c\ubd80\ub97c \ub3d9\uadf8\ub780 \ucef5\uc5d0 \ube44\uc720\ud55c \ubc88\uc5ed\uc740 \ucef5\uc5d0 \ubb34\uc5c7\uc774 \ub04a\uc5b4\uc9c4 \uc801\uc774 \uc5c6\ub2e4\uace0 \ud558\uc600\ub294\uac00?"}, {"answers": [{"text": "\ubc30\uaf3d", "answer_start": 88}], "id": "6561653-2-0", "question": "\uc131\uacbd\uc758 \uc544\uac00\uc11c 7:3\uc758 \ud575\uc2ec \ub2e8\uc5b4\ub97c \ub9ce\uc740 \ubc88\uc5ed\uc790\ub4e4\uc774 \ubb34\uc5c7\uc73c\ub85c \ubc88\uc5ed\ud588\uc2b5\ub2c8\uae4c?"}, {"answers": [{"text": "\uc601\uc801\uc778 \uc758\ubbf8", "answer_start": 459}], "id": "6561653-2-1", "question": "\uae30\ub3c5\uad50\uc640 \uc720\ub300\uad50\uc758 \uc804\ud1b5\uc5d0\uc11c \uc544\uac00\uc5d0 \uadf8\ub824\uc9c4 \uc2e0\ub791\uacfc \uc2e0\ubd80\uc758 \uc5d0\ub85c\ud2f1\ud55c \uce5c\ubc00\uac10\uc5d0 \uc5b4\ub5a4 \uc758\ubbf8\ub97c \ubd80\uc5ec\ud558\uace0 \uc788\uc2b5\ub2c8\uae4c?"}], "context": "\uc131\uacbd\uc758 \uc544\uac00\uc11c 7 : 3 (\uc81c\uc784\uc2a4 \uc655 \uc5ed\uc5d0\uc11c 7 : 2)\ub294 \ucee4\ub2d0\ub9c1\uad6c\uc2a4\uc5d0 \ub300\ud55c \uc6b0\ud68c\uc801 \uc5b8\uae09\uc774 \ud3ec\ud568\ub418\uc5b4 \uc788\ub2e4\uace0\ub3c4 \uc0dd\uac01\ud560 \uc218 \uc788\uc9c0\ub9cc, \ub9ce\uc740 \ubc88\uc5ed\uc790\ub294 \ud575\uc2ec \ub2e8\uc5b4\ub97c \"\ubc30\uaf3d\"\ub85c \ubc88\uc5ed\ud558\uace0 \uc788\ub2e4. \uc77c\ubd80\ub294 \"\uc5ec\uc131\uc758 \uc6c5\ub369\uc774\uc5d0 \ud3ec\ub3c4\uc8fc\uac00 \uac00\ub4dd \ucc44\uc6cc\uc9c0\uace0 \uc788\ub2e4\ub294 \ubb18\uc0ac\ub294 \uc721\uc695\uc801\uc778 \uadf8\ub987\uc5d0\uc11c \ub9c8\uc2dc\uace0 \uc2f6\uc740 \ub0a8\uc790\uc758 \uc695\ub9dd\uc744 \uc554\uc2dc\ud558\uace0 \uc788\ub2e4. \ub530\ub77c\uc11c \uc774\uac83\uc740 \uad50\uc815\uc758 \ubbf8\ubb18\ud558\uace0 \uae4a\uc740 \ub9db\uc758 \uadc0\ub754\uc778\uc9c0\ub3c4 \ubaa8\ub978\ub2e4\"\ub77c\ub294 \ud574\uc11d\uc744 \ubcf4\uc5ec\uc8fc\uace0 \uc788\ub2e4. \ub2e4\ub978 \ubc88\uc5ed\uc5d0\uc11c\ub294 \ub2e4\uc74c\uacfc \uac19\uc774\ub3c4 \uc77d\uc744 \uc218\uc788\ub294 - \"\ub108\uc758 \uc74c\ubd80\ub294 \ub3d9\uadf8\ub780 \ucef5, \uce75\ud14c\uc77c\uc774 \ub04a\uc5b4\uc9c4 \uc801\uc774 \uc5c6\ub2e4.\"(\uc544\uac00 7 : 2 \u05e9\u05e8\u05e8\u05da \u05d0\u05d2\u05df \u05d4\u05e1\u05d4\u05e8 \u05d0\u05dc \u05d9\u05d7\u05e1\u05e8 \u05d4\u05de\u05d6\u05d2) \uc0cc\ub4e4\uc5d0\uc11c \ucd9c\ubc1c \"vulva\"(\ud788\ube0c\ub9ac\uc5b4 shor-- \uc544\ub78c\uc5b4 '\ube44\ubc00 \uc7a5\uc18c'\ub77c\ub294 \ub2e8\uc5b4\uc5d0\uc11c \ud30c\uc0dd \ub41c), \ubc30, \uac00\uc2b4\uc73c\ub85c \uc62c\ub77c \uac04\ub2e4\uace0 \ud558\ub294 \ubb38\ub9e5\uc774 \ub2e8\uc5b4\uc758 \uc758\ubbf8\ub97c \uac70\uc758 \uacb0\uc815 \uc9d3\ub294 \uac83\uc774\ub2e4. \uae30\ub3c5\uad50\uc640 \uc720\ub300\uad50\uc758 \uc5ec\ub7ec \uc804\ud1b5\uc5d0\uc11c \"\uc544\uac00\"\uc5d0 \uadf8\ub824\uc9c4 \uc2e0\ub791\uacfc \uc2e0\ubd80\uc758 \uc5d0\ub85c\ud2f1\ud55c \uce5c\ubc00\uac10\uc5d0 \uc601\uc801\uc778 \uc758\ubbf8\ub97c \ubd80\uc5ec\ud558\uace0 \uc788\ub2e4."}], "title": "\ucee4\ub2d0\ub9c1\uad6c\uc2a4"}]}