{
  "관광-경치 좋은": [
    "none",
    "dontcare",
    "yes",
    "no"
  ],
  "관광-교육적": [
    "none",
    "dontcare",
    "no",
    "yes"
  ],
  "관광-도보 가능": [
    "none",
    "dontcare",
    "no",
    "yes"
  ],
  "관광-문화 예술": [
    "none",
    "dontcare",
    "no",
    "yes"
  ],
  "관광-역사적": [
    "none",
    "dontcare",
    "no",
    "yes"
  ],
  "관광-이름": [
    "none",
    "dontcare",
    "북한산 국립공원",
    "한국 전쟁 기념관",
    "명동난타극장",
    "국립중앙박물관",
    "그레뱅뮤지엄",
    "경복궁",
    "창덕궁",
    "여의도 한강공원",
    "잠실 야구 경기장",
    "한강 공원",
    "하늘공원",
    "봉은사",
    "서울숲",
    "조계사",
    "서울 한양 도성",
    "창경궁",
    "롯데월드타워&몰",
    "삼성미술관 리움",
    "이화여자대학교",
    "남산 공원",
    "서울 역사 박물관",
    "트릭아이뮤지엄 서울",
    "명동 성당",
    "별마당 도서관",
    "여의도 공원",
    "홍대앞 거리",
    "명동 쇼핑 거리",
    "서울스카이",
    "서울 어린이 대공원",
    "청계천",
    "낙산공원",
    "올림픽 공원",
    "예술의전당",
    "국립 민속 박물관",
    "서대문 형무소 역사관",
    "인사동",
    "삼청동길",
    "국립현대미술관 서울관",
    "N 서울 타워",
    "동대문 디자인 플라자",
    "광화문",
    "덕수궁",
    "북촌 한옥마을",
    "롯데월드 아쿠아리움",
    "홍대앞 예술시장 프리마켓",
    "국립 고궁 박물관",
    "러브뮤지엄",
    "광장시장",
    "종묘",
    "고투 몰",
    "동대문 역사 문화 공원",
    "남산골 한옥 마을",
    "광화문 광장",
    "서울중앙성원",
    "신세계 백화점 본점",
    "타임스퀘어",
    "이화 벽화마을",
    "코엑스 아쿠아리움",
    "가로수길",
    "석촌호수",
    "서울 시청",
    "세종대왕 동상",
    "스타필드 코엑스몰",
    "충무공 이순신 동상",
    "신촌",
    "이대 패션거리",
    "박물관은살아있다 인사동점",
    "이태원",
    "마장 축산물시장",
    "서울 월드컵 경기장 (상암 월드컵 경기장)",
    "선릉과 정릉",
    "남대문시장",
    "63시티",
    "롯데백화점 본점",
    "경희대학교 서울캠퍼스",
    "숭례문",
    "서울로7017",
    "인왕산",
    "익선동한옥거리",
    "중부시장",
    "서울 대학로",
    "서초관광정보센터",
    "IFC 몰",
    "한국의 집",
    "동대문 쇼핑몰",
    "동대문 (흥인지문)",
    "대한민국 역사 박물관",
    "롯데월드",
    "노량진 수산물 도매시장",
    "문화역서울 284",
    "코엑스 센터",
    "운현궁",
    "낙산 공공 미술",
    "삼청각",
    "디큐브시브",
    "청와대",
    "남산 케이블카",
    "정동극장",
    "북악산 서울 성곽",
    "국립국악원",
    "서울중앙성원남산골 한옥 마을"
  ],
  "관광-종류": [
    "none",
    "dontcare",
    "공원",
    "박물관",
    "공연",
    "즐길거리",
    "랜드마크",
    "쇼핑",
    "여행자 자료",
    "기타",
    "놀이공원",
    "동물원",
    "교통편"
  ],
  "관광-주차 가능": [
    "none",
    "dontcare",
    "no",
    "yes"
  ],
  "관광-지역": [
    "none",
    "dontcare",
    "서울 북쪽",
    "서울 중앙",
    "서울 동쪽",
    "서울 서쪽",
    "서울 남쪽"
  ],
  "숙소-가격대": [
    "none",
    "dontcare",
    "저렴",
    "비싼",
    "적당"
  ],
  "숙소-도보 가능": [
    "none",
    "dontcare",
    "yes",
    "no"
  ],
  "숙소-수영장 유무": [
    "none",
    "dontcare",
    "no",
    "yes"
  ],
  "숙소-스파 유무": [
    "none",
    "dontcare",
    "no",
    "yes"
  ],
  "숙소-예약 기간": [
    "none",
    "dontcare",
    "3",
    "1",
    "2",
    "4",
    "5",
    "6",
    "7",
    "10",
    "9",
    "8"
  ],
  "숙소-예약 명수": [
    "none",
    "dontcare",
    "1",
    "2",
    "4",
    "10",
    "6",
    "5",
    "3",
    "8",
    "7",
    "9"
  ],
  "숙소-예약 요일": [
    "none",
    "dontcare",
    "수요일",
    "일요일",
    "금요일",
    "월요일",
    "화요일",
    "목요일",
    "토요일"
  ],
  "숙소-이름": [
    "none",
    "dontcare",
    "동키 게스트 하우스",
    "마라톤 서울 호텔",
    "프리미어 호텔",
    "호스텔 제이제이",
    "프린스 호텔 서울",
    "고구려 호스텔",
    "서촌 한옥 게스트하우스",
    "서운정",
    "시그니처 서울",
    "파크 올리브 서울",
    "안즈 서울",
    "투데이",
    "가야 호텔",
    "심미 호스텔",
    "그레이 호텔",
    "야드 서울",
    "북촌 호텔",
    "서울풍경",
    "호텔 파크",
    "고속터미널 싱글 원룸",
    "포레스트 호텔",
    "패밀리 호텔",
    "정모텔",
    "나이스 호스텔",
    "힐링 호텔",
    "힐 모텔 서울",
    "호스텔 스위스",
    "동문 호스텔",
    "모텔 킹",
    "제이 호텔",
    "김의 옥탑방",
    "회기 하우스",
    "삼미여관",
    "오미야게 호텔",
    "메이 호텔 서울",
    "진 하우스",
    "골드",
    "더 프린세스",
    "컬렉션",
    "더 그레이 호텔",
    "아카펠라",
    "쉼 인 서울",
    "덕수 하우스",
    "에버뉴 호텔",
    "헬로우 월드",
    "모텔 오월",
    "파크 호텔",
    "더 그린",
    "나이팅게일 호스텔",
    "송이모텔",
    "행복 호텔",
    "상엽호텔",
    "송이네집",
    "스노우하우스",
    "더다크",
    "공덕 게스트 하우스",
    "친구 모텔",
    "호두나무집",
    "체리",
    "벚꽃 모텔",
    "공룡 에어비엔비",
    "행운 호텔",
    "머니볼",
    "초롱이네 게스트 하우스",
    "그섬 호텔",
    "밤나무집",
    "그린하우스",
    "화이트모텔",
    "낭낭 게스트 하우스",
    "전주 에어비엔비",
    "스프링"
  ],
  "숙소-인터넷 가능": [
    "none",
    "dontcare",
    "yes",
    "no"
  ],
  "숙소-조식 가능": [
    "none",
    "dontcare",
    "yes",
    "no"
  ],
  "숙소-종류": [
    "none",
    "dontcare",
    "게스트 하우스",
    "호텔",
    "호스텔",
    "에어비엔비",
    "모텔"
  ],
  "숙소-주차 가능": [
    "none",
    "dontcare",
    "no",
    "yes"
  ],
  "숙소-지역": [
    "none",
    "dontcare",
    "서울 중앙",
    "서울 서쪽",
    "서울 동쪽",
    "서울 남쪽",
    "서울 북쪽"
  ],
  "숙소-헬스장 유무": [
    "none",
    "dontcare",
    "no",
    "yes"
  ],
  "숙소-흡연 가능": [
    "none",
    "dontcare",
    "no",
    "yes"
  ],
  "식당-가격대": [
    "none",
    "dontcare",
    "저렴",
    "비싼",
    "적당"
  ],
  "식당-도보 가능": [
    "none",
    "dontcare",
    "yes",
    "no"
  ],
  "식당-야외석 유무": [
    "none",
    "dontcare",
    "no",
    "yes"
  ],
  "식당-예약 명수": [
    "none",
    "dontcare",
    "1",
    "4",
    "3",
    "9",
    "8",
    "10",
    "2",
    "6",
    "5",
    "7"
  ],
  "식당-예약 시간": [
    "none",
    "dontcare",
    "18:00",
    "03:30",
    "12:30",
    "02:20",
    "17:30",
    "19:30",
    "17:00",
    "12:34",
    "16:10",
    "12:45",
    "19:40",
    "16:45",
    "06:00",
    "09:10",
    "14:00",
    "03:10",
    "21:50",
    "21:30",
    "14:40",
    "07:50",
    "16:20",
    "10:50",
    "14:10",
    "05:00",
    "05:30",
    "13:30",
    "21:00",
    "02:00",
    "19:10",
    "17:20",
    "13:00",
    "06:01",
    "21:54",
    "15:20",
    "10:30",
    "08:15",
    "20:00",
    "04:30",
    "12:40",
    "03:00",
    "23:30",
    "08:10",
    "01:30",
    "10:10",
    "12:50",
    "13:20",
    "06:40",
    "05:35",
    "16:15",
    "22:19",
    "15:00",
    "19:00",
    "22:45",
    "23:45",
    "04:20",
    "11:00",
    "07:20",
    "07:00",
    "22:00",
    "17:40",
    "14:30",
    "05:15",
    "11:15",
    "03:03",
    "01:00",
    "21:45",
    "12:15",
    "19:50",
    "04:50",
    "09:20",
    "01:50",
    "03:13",
    "07:10",
    "02:28",
    "21:40",
    "21:20",
    "20:30",
    "13:40",
    "18:50",
    "21:26",
    "08:00",
    "10:19",
    "09:45",
    "15:30",
    "13:45",
    "22:10",
    "16:30",
    "18:30",
    "05:10",
    "10:45",
    "11:40",
    "03:40",
    "18:15",
    "15:15",
    "08:30",
    "23:40",
    "04:28",
    "09:19",
    "16:27",
    "23:18",
    "16:50",
    "11:50",
    "04:00",
    "18:38",
    "07:29",
    "16:00",
    "21:15",
    "20:50",
    "09:30",
    "11:10",
    "09:15",
    "19:25",
    "12:00",
    "09:40",
    "11:45",
    "10:15",
    "18:40",
    "09:28",
    "12:10",
    "05:45",
    "07:30",
    "16:58",
    "03:51",
    "10:00",
    "12:51",
    "02:50",
    "09:00",
    "22:06",
    "10:20",
    "04:40",
    "06:30",
    "06:19",
    "05:52",
    "22:30",
    "03:20",
    "09:50",
    "18:10",
    "23:50",
    "18:45",
    "20:15",
    "22:49",
    "03:45",
    "16:40",
    "04:15",
    "01:51",
    "15:50",
    "14:20",
    "19:15",
    "12:54",
    "13:15",
    "22:53",
    "11:20",
    "11:30",
    "13:10",
    "19:33",
    "23:15",
    "20:20",
    "15:48",
    "05:01",
    "02:30",
    "01:40",
    "07:15",
    "18:20",
    "08:45",
    "05:23",
    "06:06",
    "14:50",
    "17:50",
    "06:45",
    "04:10",
    "03:15",
    "23:20",
    "02:45",
    "07:45",
    "12:20",
    "02:47",
    "06:15",
    "09:39",
    "08:20",
    "15:52",
    "23:35",
    "22:20",
    "20:45",
    "01:15",
    "06:33",
    "20:11",
    "20:10",
    "01:45",
    "11:03",
    "01:43",
    "23:00",
    "19:20",
    "14:45",
    "15:40",
    "02:10",
    "17:10",
    "05:32",
    "23:57",
    "22:41",
    "20:42",
    "06:44",
    "18:13",
    "15:46",
    "02:53",
    "04:45",
    "21:37",
    "12:09",
    "19:04",
    "17:15",
    "22:15",
    "04:29",
    "20:53",
    "17:32",
    "19:07",
    "15:04",
    "08:40",
    "05:20",
    "23:24",
    "15:53",
    "07:40",
    "01:20",
    "01:31",
    "05:41",
    "19:19",
    "19:45",
    "03:37",
    "17:17",
    "17:02",
    "15:10",
    "17:45",
    "02:15",
    "01:26",
    "11:24",
    "19:31",
    "06:14",
    "11:32",
    "14:33",
    "22:40",
    "19:29",
    "04:33",
    "18:56",
    "05:27",
    "10:26",
    "23:10",
    "13:50",
    "02:40",
    "19:47",
    "07:58",
    "12:13",
    "18:49",
    "23:59",
    "13:58",
    "17:06",
    "20:13",
    "08:21",
    "23:53",
    "08:50",
    "05:40",
    "20:40",
    "21:39",
    "15:45",
    "12:43",
    "08:24",
    "04:12",
    "07:14",
    "01:58",
    "02:19",
    "21:35",
    "02:59",
    "08:48",
    "18:04",
    "19:59",
    "03:34",
    "16:05",
    "17:48",
    "12:46",
    "15:26",
    "08:25",
    "14:49",
    "06:32",
    "18:32",
    "07:21",
    "02:38",
    "11:36",
    "08:54",
    "18:05",
    "21:10",
    "02:23",
    "07:52",
    "08:36",
    "17:25",
    "22:35",
    "10:40",
    "16:39",
    "11:33",
    "22:36",
    "11:16",
    "05:50",
    "09:58",
    "14:03",
    "18:09",
    "14:04",
    "05:02",
    "07:38",
    "22:59",
    "18:51",
    "01:27",
    "05:56",
    "22:17",
    "07:03",
    "10:13",
    "22:46",
    "19:35",
    "14:15",
    "07:07",
    "17:52",
    "10:54",
    "14:36",
    "12:47",
    "02:36",
    "09:51",
    "17:42",
    "22:22",
    "06:50",
    "12:06",
    "06:20",
    "19:46",
    "10:44",
    "23:23",
    "12:04",
    "16:11",
    "08:35",
    "14:14",
    "17:47",
    "08:31",
    "11:08",
    "08:44",
    "20:34",
    "06:05",
    "07:17",
    "17:57",
    "09:37",
    "04:49",
    "22:50",
    "08:38",
    "02:54",
    "19:22",
    "08:14",
    "03:05",
    "23:38",
    "08:06",
    "03:58",
    "05:19",
    "08:13",
    "01:01",
    "17:54",
    "05:53",
    "17:21",
    "21:57",
    "16:32",
    "12:28",
    "20:04",
    "19:17",
    "13:31",
    "14:58",
    "16:51",
    "01:24",
    "04:07",
    "20:54",
    "07:59",
    "13:48",
    "22:21",
    "06:54",
    "16:52",
    "12:56",
    "10:14",
    "18:27",
    "03:50",
    "23:51",
    "07:22",
    "08:41",
    "22:29",
    "09:03",
    "18:36",
    "22:57",
    "22:43",
    "02:25",
    "01:49",
    "09:29",
    "09:49",
    "03:28",
    "17:04",
    "07:24",
    "02:07",
    "12:59",
    "12:29",
    "16:49",
    "01:10",
    "18:53",
    "17:24",
    "14:39",
    "16:26",
    "12:27",
    "19:27",
    "22:03",
    "18:12",
    "10:49",
    "17:14",
    "16:09",
    "04:02",
    "22:27",
    "17:33",
    "12:23",
    "08:12",
    "21:21",
    "16:23",
    "09:48",
    "05:21",
    "06:22",
    "11:56",
    "03:27",
    "20:05",
    "19:14",
    "09:35",
    "15:42",
    "16:06",
    "14:25",
    "11:02",
    "04:46",
    "13:38",
    "14:18",
    "16:53",
    "06:10",
    "01:55",
    "03:44",
    "13:47",
    "13:51",
    "12:11",
    "16:22",
    "13:27",
    "13:08",
    "12:08",
    "21:18",
    "16:07",
    "01:18",
    "18:59",
    "05:33",
    "02:55",
    "16:46",
    "17:09",
    "16:36",
    "07:55",
    "22:13",
    "19:02",
    "04:41",
    "15:43",
    "06:39",
    "17:29",
    "09:25",
    "22:55",
    "19:57",
    "06:34",
    "15:55",
    "09:02",
    "08:11",
    "19:43",
    "06:35",
    "22:12",
    "11:14",
    "12:25",
    "13:14",
    "02:37",
    "20:49",
    "18:14",
    "13:53",
    "18:55",
    "05:47",
    "16:29",
    "01:09",
    "06:46",
    "03:07",
    "11:44",
    "02:13",
    "15:13",
    "11:51",
    "17:03",
    "21:58",
    "01:04",
    "11:25",
    "16:37",
    "14:16",
    "09:46",
    "02:11",
    "22:38",
    "02:48",
    "16:59",
    "05:12",
    "18:48",
    "03:54",
    "17:35",
    "12:58",
    "05:14",
    "11:59",
    "15:41",
    "22:24",
    "04:56",
    "16:14",
    "03:02",
    "02:41",
    "18:16",
    "18:25",
    "06:57",
    "06:52",
    "14:55",
    "15:39",
    "09:47",
    "07:39",
    "10:48",
    "20:46",
    "14:01",
    "03:17",
    "07:16",
    "18:42",
    "23:55",
    "09:33",
    "21:01",
    "12:03",
    "04:47",
    "14:53",
    "12:14",
    "19:36",
    "11:18",
    "19:54",
    "01:28",
    "21:53",
    "08:02",
    "16:01",
    "20:56",
    "23:26",
    "19:58",
    "09:06",
    "07:18",
    "02:08",
    "09:05",
    "03:04",
    "17:19",
    "01:38",
    "06:43",
    "16:55",
    "09:17",
    "17:44",
    "22:05",
    "12:07",
    "10:24",
    "12:55",
    "17:56",
    "07:54",
    "05:13",
    "22:28",
    "06:42",
    "14:17",
    "09:14",
    "04:44",
    "10:57",
    "15:33",
    "12:36",
    "20:29",
    "04:53",
    "10:31",
    "19:26",
    "09:24",
    "16:19",
    "07:48",
    "09:13",
    "05:49",
    "08:57",
    "05:05",
    "18:07",
    "16:57",
    "08:26",
    "16:42",
    "15:49",
    "17:53",
    "15:34",
    "04:59",
    "20:48",
    "10:59",
    "21:55",
    "18:46",
    "17:12",
    "07:06",
    "14:09",
    "17:37",
    "01:42",
    "01:06",
    "11:37",
    "15:22",
    "14:22",
    "02:01",
    "20:28",
    "10:22",
    "14:06",
    "19:38",
    "04:11",
    "13:03",
    "04:36",
    "15:31",
    "14:07",
    "09:16",
    "01:56",
    "19:37",
    "04:04",
    "12:22",
    "21:05",
    "08:07",
    "07:11",
    "18:02",
    "03:43",
    "18:21",
    "18:39",
    "06:02",
    "15:08",
    "23:03",
    "21:11",
    "09:55",
    "21:28",
    "14:47",
    "08:56",
    "14:34",
    "23:13",
    "21:17",
    "01:46",
    "13:29",
    "17:34",
    "01:53",
    "23:14",
    "10:37",
    "05:51",
    "16:31"
  ],
  "식당-예약 요일": [
    "none",
    "dontcare",
    "토요일",
    "금요일",
    "수요일",
    "월요일",
    "목요일",
    "화요일",
    "일요일"
  ],
  "식당-이름": [
    "none",
    "dontcare",
    "돼지조아소조아",
    "뽀식이네 감자탕",
    "내맘속의나폴리",
    "꼬끼오꼬꼬",
    "믿고맡기는초밥",
    "오동통규동동",
    "이럴순없는대",
    "회오리라멘",
    "친구를 만나느라 샵샵샵",
    "외계인의맛집",
    "한국인의김치상",
    "한가한과",
    "만칠천무한리필",
    "가장맛난간장게장",
    "한시간삼십분식",
    "내가만약석박이라면",
    "어차피자",
    "닭발먹고오리발내민다",
    "밀수업자",
    "치키웨이",
    "엄중식",
    "빈대떡집",
    "팁 앤 스테이크",
    "이에스시",
    "식객",
    "두유노코리안",
    "꿔=바로우",
    "사차원주머니",
    "치킨키친",
    "이기자카야",
    "누가또가재",
    "홀럭키하우스",
    "주점부리",
    "분식회개",
    "까스까스까스",
    "슈크림이돌아왔다",
    "두부두부두부",
    "부찌부찌",
    "루이필라프2세",
    "술판오브디스코",
    "사시사철미식가",
    "피에르오뎅",
    "식스타임즈",
    "가지가지차이나",
    "스윗소보루",
    "피렌체의밤",
    "분식, 회개"
  ],
  "식당-인터넷 가능": [
    "none",
    "dontcare",
    "no",
    "yes"
  ],
  "식당-종류": [
    "none",
    "dontcare",
    "한식당",
    "양식당",
    "일식당",
    "베이커리",
    "분식집",
    "치킨집",
    "중식당",
    "주점"
  ],
  "식당-주류 판매": [
    "none",
    "dontcare",
    "yes",
    "no"
  ],
  "식당-주차 가능": [
    "none",
    "dontcare",
    "yes",
    "no"
  ],
  "식당-지역": [
    "none",
    "dontcare",
    "서울 중앙",
    "서울 북쪽",
    "서울 남쪽",
    "서울 동쪽",
    "서울 서쪽"
  ],
  "식당-흡연 가능": [
    "none",
    "dontcare",
    "no",
    "yes"
  ],
  "지하철-도착지": [
    "none",
    "dontcare",
    "용산역",
    "삼각지역",
    "을지로입구역",
    "월드컵경기장역",
    "광화문역",
    "신촌역",
    "시청역",
    "홍대입구역",
    "동대문역",
    "명동역",
    "여의나루역",
    "경복궁역",
    "잠실역",
    "종각역",
    "노원역",
    "신도림역",
    "건대입구역",
    "이대역",
    "봉은사역",
    "이촌역",
    "압구정역",
    "천호역",
    "사당역",
    "안국역",
    "고속터미널역",
    "올림픽공원역",
    "강남역",
    "혜화역",
    "왕십리역",
    "동대문역사문화공원역",
    "삼성중앙역",
    "종로5가역",
    "서울역",
    "선정릉역",
    "회현역",
    "노량진역",
    "종로3가역",
    "언주역",
    "이태원역",
    "회기역",
    "창신역",
    "을지로4가역",
    "아차산역",
    "방배역",
    "충무로역",
    "신답역",
    "국회의사당역",
    "수유역",
    "독립문역",
    "역삼역",
    "서대문역",
    "여의도역",
    "서울숲역",
    "영등포역",
    "몽촌토성역",
    "종합운동장역",
    "한성대입구역",
    "한강진역"
  ],
  "지하철-출발 시간": [
    "none",
    "dontcare",
    "13:30",
    "13:10",
    "12:40",
    "12:10",
    "12:30",
    "12:00",
    "12:20",
    "12:50",
    "13:40",
    "13:20"
  ],
  "지하철-출발지": [
    "none",
    "dontcare",
    "왕십리역",
    "용산역",
    "삼각지역",
    "을지로입구역",
    "월드컵경기장역",
    "광화문역",
    "신촌역",
    "시청역",
    "홍대입구역",
    "동대문역",
    "명동역",
    "여의나루역",
    "경복궁역",
    "잠실역",
    "종각역",
    "노원역",
    "신도림역",
    "건대입구역",
    "이대역",
    "봉은사역",
    "이촌역",
    "압구정역",
    "천호역",
    "사당역",
    "안국역",
    "고속터미널역",
    "올림픽공원역",
    "강남역",
    "혜화역",
    "신답역",
    "방배역",
    "노량진역",
    "아차산역",
    "회현역",
    "서울숲역",
    "한성대입구역",
    "회기역",
    "종로3가역",
    "창신역",
    "여의도역",
    "언주역",
    "충무로역",
    "수유(강북구청)역",
    "수유역",
    "이태원역",
    "역삼역",
    "선정릉역",
    "독립문역",
    "국회의사당역",
    "서울역",
    "한강진역",
    "동대문역사문화공원역",
    "종로5가역",
    "을지로4가역",
    "삼성중앙역",
    "종합운동장역",
    "영등포역",
    "몽촌토성역",
    "서대문역"
  ],
  "택시-도착 시간": [
    "none",
    "dontcare",
    "13:20",
    "04:50",
    "21:45",
    "21:30",
    "18:00",
    "10:45",
    "15:00",
    "10:00",
    "07:30",
    "11:30",
    "01:45",
    "19:15",
    "03:00",
    "12:00",
    "19:30",
    "21:00",
    "02:00",
    "12:30",
    "05:40",
    "02:45",
    "10:30",
    "08:40",
    "14:45",
    "23:20",
    "16:00",
    "07:57",
    "16:15",
    "08:15",
    "13:00",
    "18:15",
    "17:00",
    "09:00",
    "11:00",
    "19:00",
    "06:30",
    "08:00",
    "22:10",
    "04:30",
    "19:20",
    "15:15",
    "10:50",
    "14:00",
    "18:50",
    "00:30",
    "17:45",
    "22:30",
    "12:50",
    "05:50",
    "21:40",
    "11:45",
    "01:00",
    "17:40",
    "05:30",
    "10:15",
    "17:30",
    "21:37",
    "23:00",
    "13:30",
    "04:00",
    "09:30",
    "17:50",
    "07:45",
    "23:40",
    "08:30",
    "05:00",
    "23:24",
    "01:30",
    "03:30",
    "16:30",
    "20:00",
    "12:45",
    "15:40",
    "07:50",
    "01:10",
    "02:30",
    "03:40",
    "14:20",
    "06:45",
    "17:10",
    "05:16",
    "20:30",
    "14:30",
    "01:20",
    "09:45",
    "18:30",
    "01:15",
    "13:40",
    "19:40",
    "16:45",
    "15:45",
    "06:00",
    "06:15",
    "18:05",
    "02:40",
    "02:23",
    "11:33",
    "03:15",
    "18:20",
    "22:00",
    "13:15",
    "12:15",
    "22:20",
    "22:26",
    "18:40",
    "20:10",
    "03:45",
    "09:10",
    "14:49",
    "13:50",
    "04:40",
    "23:30",
    "16:10",
    "01:18",
    "22:15",
    "09:20",
    "06:20",
    "06:50",
    "20:50",
    "21:02",
    "02:15",
    "06:40",
    "15:30",
    "15:50",
    "14:15",
    "11:20",
    "20:45",
    "22:50",
    "12:20",
    "08:21",
    "08:10",
    "05:53",
    "12:40",
    "23:45",
    "01:40",
    "16:24",
    "21:15",
    "03:50",
    "17:15",
    "20:40",
    "09:03",
    "07:40",
    "09:49",
    "02:50",
    "02:10",
    "05:52",
    "17:20",
    "15:10",
    "11:40",
    "09:15",
    "21:20",
    "09:40",
    "10:40",
    "07:00",
    "23:15",
    "20:20",
    "02:19",
    "07:59",
    "21:50",
    "11:50",
    "16:50",
    "14:10",
    "06:46",
    "07:02",
    "11:31",
    "19:10",
    "14:50",
    "20:15",
    "05:15",
    "22:40",
    "11:10",
    "12:10",
    "16:40",
    "21:13",
    "22:44",
    "18:10",
    "10:31",
    "05:02",
    "19:45",
    "06:10",
    "04:15",
    "05:45",
    "07:10",
    "01:29",
    "16:19",
    "13:10",
    "17:04",
    "23:50",
    "02:20",
    "19:50",
    "09:50",
    "04:59",
    "04:45",
    "22:11",
    "01:50",
    "23:17"
  ],
  "택시-도착지": [
    "none",
    "dontcare",
    "모텔 킹",
    "서울 역사 박물관",
    "회오리라멘",
    "포레스트 호텔",
    "패밀리 호텔",
    "노원역",
    "꼬끼오꼬꼬",
    "혜화역",
    "청와대",
    "신촌역",
    "광화문역",
    "경복궁역",
    "안국역",
    "술판오브디스코",
    "종로3가역",
    "을지로1가역",
    "시청역",
    "남산골 한옥 마을",
    "컬렉션",
    "삼성중앙역",
    "프리미어 호텔",
    "이화 벽화마을",
    "스노우하우스",
    "서울중앙성원",
    "닭발먹고오리발내민다",
    "서울풍경",
    "동대문역",
    "파크 호텔",
    "가야 호텔",
    "북한산 국립공원",
    "심미 호스텔",
    "오미야게 호텔",
    "천호역",
    "루이필라프2세",
    "믿고맡기는초밥",
    "피에르오뎅",
    "잠실 야구 경기장",
    "외계인의맛집",
    "롯데월드타워&몰",
    "강남역",
    "삼청동길",
    "남산 케이블카",
    "충무공 이순신 동상",
    "파크 올리브 서울",
    "만칠천무한리필",
    "왕십리역",
    "프린스 호텔 서울",
    "서울 월드컵 경기장 (상암 월드컵 경기장)",
    "한시간삼십분식",
    "내가만약석박이라면",
    "올림픽공원역",
    "한가한과",
    "호텔 파크",
    "인사동",
    "메이 호텔 서울",
    "시그니처 서울",
    "여의도 공원",
    "홀럭키하우스",
    "국립현대미술관 서울관",
    "홍대입구역",
    "한국인의김치상",
    "을지로4가역",
    "국회의사당역",
    "명동 쇼핑 거리",
    "잠실역",
    "세종대왕 동상",
    "하늘공원",
    "명동역",
    "친구를 만나느라 샵샵샵",
    "압구정역",
    "서울 스타디움",
    "동대문사문화공원역",
    "홍익대학교역",
    "고속터미널역",
    "석촌호수",
    "북촌 호텔",
    "홍대역",
    "롯데월드 아쿠아리움",
    "이화여자대학교",
    "빈대떡집",
    "노량진 수산물 도매시장",
    "힐링 호텔",
    "엄중식",
    "주점부리",
    "신도역",
    "가지가지차이나",
    "이기자카야",
    "남산 공원",
    "벚꽃 모텔",
    "강남이네 게스트 하우스",
    "그레이 호텔",
    "용산역",
    "월드컵경기장역",
    "경희대학교 서울캠퍼스",
    "서울스카이",
    "골드",
    "가장맛난간장게장",
    "국립 고궁 박물관",
    "건대입구역",
    "더 프린세스",
    "김의 옥탑방",
    "북촌 한옥마을",
    "종각역",
    "누가또가재",
    "힐 모텔 서울",
    "사당역",
    "모텔 오월",
    "신도림역",
    "슈크림이돌아왔다",
    "나이팅게일 호스텔",
    "식스타임즈",
    "서촌 한옥 게스트하우스",
    "꿔=바로우",
    "스윗소보루",
    "창덕궁",
    "신촌",
    "부찌부찌",
    "공덕 게스트 하우스",
    "덕수궁",
    "가로수길",
    "에버뉴 호텔",
    "마라톤 서울 호텔",
    "야드 서울",
    "뽀식이네 감자탕",
    "한국 전쟁 기념관",
    "두부두부두부",
    "안즈 서울",
    "올림픽 공원",
    "충무로역",
    "고속버스터미널역",
    "분식회개",
    "신세계 백화점 본점",
    "진 하우스",
    "롯데백화점 본점",
    "느물느물",
    "피렌체의밤",
    "나이스 호스텔",
    "국립중앙박물관",
    "치키웨이",
    "헬로우 월드",
    "광장시장",
    "두유노코리안",
    "운현궁",
    "더다크",
    "공룡 에어비엔비",
    "동대문 역사 문화 공원",
    "롯데월드",
    "행복 호텔",
    "북악산 서울 성곽",
    "어차피자",
    "명동 성당",
    "아차산역",
    "조계사",
    "중부시장",
    "선릉과 정릉",
    "트릭아이뮤지엄 서울",
    "역삼역",
    "선정릉역",
    "노량진역",
    "돼지조아소조아",
    "한국의 집",
    "쉼 인 서울",
    "체리",
    "종묘",
    "스타필드 코엑스몰",
    "코엑스 센터",
    "그레뱅뮤지엄",
    "호스텔 제이제이",
    "별마당 도서관",
    "고속터미널 싱글 원룸",
    "오동통규동동",
    "서운정",
    "회기 하우스",
    "이화원",
    "팁 앤 스테이크",
    "문화역서울 284",
    "예술의전당",
    "아카펠라",
    "식객",
    "서울 어린이 대공원",
    "호스텔 스위스",
    "밀수업자",
    "투데이",
    "회현역",
    "치킨키친",
    "더 그린",
    "명동난타극장",
    "사시사철미식가",
    "겨울이네 게스트 하우스",
    "창경궁",
    "을지로입구역",
    "익선동한옥거리",
    "63시티",
    "삼성미술관 리움",
    "삼미여관",
    "홍대앞 거리",
    "회기역",
    "국립국악원",
    "경복궁",
    "서초관광정보센터",
    "이태원역",
    "송이모텔",
    "서울역",
    "러브뮤지엄",
    "인왕산",
    "덕수 하우스",
    "호두나무집",
    "이럴순없는대",
    "서울숲",
    "숭례문",
    "서대문 형무소 역사관",
    "여의도 한강공원",
    "정동극장",
    "행운 호텔",
    "타임스퀘어",
    "종합운동장역",
    "대한민국 역사 박물관",
    "사차원주머니",
    "IFC 몰",
    "전주 에어비엔비",
    "이촌역",
    "고구려 호스텔",
    "봉은사역",
    "신촌(경의선)역",
    "그린비 에어비엔비",
    "쓰리플러스",
    "민트",
    "정모텔",
    "예술의전당역",
    "동문 호스텔",
    "머니볼",
    "서울로7017",
    "끌린닭",
    "월드컵 경기장역",
    "광화문 광장",
    "광화문",
    "이대역",
    "더 그레이 호텔",
    "내맘속의나폴리",
    "수유역",
    "삼청각",
    "동키 게스트 하우스",
    "이에스시",
    "방배역",
    "서울 시청",
    "한강 공원",
    "티호텔",
    "동대문 디자인 플라자",
    "동대문 쇼핑몰",
    "남대문시장",
    "광화역",
    "친구 모텔",
    "박물관은살아있다 인사동점",
    "낙산 공공 미술",
    "여의나루역",
    "이태원",
    "화이트모텔",
    "땡큐 호텔",
    "서울 에어비엔비",
    "서울 한양 도성",
    "위잉치킨",
    "까스까스까스",
    "가고 싶은 호텔",
    "홍대앞 예술시장 프리마켓",
    "창신역",
    "송이네집",
    "낙산공원",
    "고투 몰",
    "종로5가역",
    "봉은사",
    "서울 대학로",
    "신답역",
    "고마운 호텔",
    "국립 민속 박물관",
    "제이 호텔",
    "삼성동중앙역",
    "몽촌토성역",
    "한강진역",
    "청계천",
    "N 서울 타워",
    "한성대입구역",
    "동대문 (흥인지문)",
    "디큐브시브",
    "힐링 게스트 하우스",
    "동대문역사문화공원역",
    "이대 패션거리",
    "밤나무집",
    "쟈니스",
    "코엑스 아쿠아리움",
    "분식, 회개",
    "월드컵경기역",
    "푸른하늘",
    "이럴순없는대호스텔 제이제이",
    "주점뱅이",
    "독립문역",
    "마장 축산물시장",
    "서울숲역",
    "영등포역",
    "낭낭 게스트 하우스",
    "파워 호텔"
  ],
  "택시-종류": [
    "none",
    "dontcare",
    "고급",
    "에코",
    "개인"
  ],
  "택시-출발 시간": [
    "none",
    "dontcare",
    "12:45",
    "10:00",
    "13:00",
    "03:00",
    "04:30",
    "20:30",
    "08:45",
    "13:50",
    "19:15",
    "05:00",
    "21:00",
    "09:45",
    "06:00",
    "11:15",
    "09:57",
    "03:35",
    "01:30",
    "18:15",
    "01:00",
    "16:00",
    "14:20",
    "19:10",
    "15:30",
    "13:20",
    "09:40",
    "07:00",
    "01:50",
    "09:20",
    "12:15",
    "17:20",
    "01:05",
    "07:30",
    "22:18",
    "12:00",
    "10:30",
    "03:40",
    "03:30",
    "01:20",
    "22:34",
    "22:30",
    "16:30",
    "19:00",
    "01:45",
    "01:15",
    "08:00",
    "15:00",
    "22:00",
    "15:05",
    "20:20",
    "21:35",
    "02:00",
    "09:30",
    "08:40",
    "07:10",
    "08:30",
    "21:50",
    "02:31",
    "06:40",
    "04:09",
    "20:40",
    "20:10",
    "15:45",
    "14:00",
    "23:30",
    "07:45",
    "10:20",
    "11:00",
    "05:30",
    "17:00",
    "20:12",
    "14:01",
    "12:30",
    "14:40",
    "07:40",
    "14:30",
    "21:15",
    "07:20",
    "00:30",
    "16:15",
    "06:45",
    "06:05",
    "18:00",
    "16:20",
    "09:10",
    "13:30",
    "07:15",
    "21:40",
    "04:45",
    "15:10",
    "17:30",
    "18:45",
    "04:40",
    "11:50",
    "05:10",
    "09:41",
    "09:43",
    "20:00",
    "02:30",
    "12:10",
    "20:23",
    "04:20",
    "11:20",
    "15:50",
    "06:20",
    "18:20",
    "09:00",
    "19:30",
    "22:21",
    "08:14",
    "18:50",
    "14:45",
    "20:54",
    "06:15",
    "03:50",
    "15:40",
    "23:15",
    "19:20",
    "16:40",
    "08:10",
    "22:10",
    "17:10",
    "02:50",
    "21:30",
    "09:37",
    "16:45",
    "05:35",
    "14:50",
    "16:10",
    "10:15",
    "04:02",
    "17:50",
    "05:40",
    "06:30",
    "17:40",
    "01:37",
    "13:51",
    "07:01",
    "11:10",
    "17:59",
    "22:47",
    "12:37",
    "20:15",
    "12:50",
    "12:03",
    "20:45",
    "23:53",
    "23:00",
    "22:28",
    "03:45",
    "21:42",
    "13:45",
    "10:10",
    "18:30",
    "22:50",
    "15:24",
    "01:10",
    "08:01",
    "10:45",
    "18:35",
    "22:40",
    "18:44",
    "04:00",
    "19:50",
    "22:54",
    "19:02",
    "05:26",
    "19:14",
    "05:15",
    "11:02",
    "13:15",
    "18:40",
    "04:19",
    "11:45",
    "21:44",
    "22:48",
    "11:30",
    "06:50",
    "20:50",
    "23:50",
    "15:34",
    "15:15",
    "19:41",
    "21:55",
    "17:15",
    "10:50",
    "15:22",
    "11:47",
    "00:50",
    "03:20",
    "10:46",
    "09:15",
    "02:40",
    "14:15",
    "08:04",
    "15:20",
    "13:23",
    "03:15",
    "10:24",
    "08:15",
    "12:25",
    "09:14",
    "05:45",
    "04:15",
    "17:12",
    "04:10",
    "18:13",
    "16:08",
    "21:45",
    "22:42",
    "06:10",
    "00:15",
    "02:10",
    "01:38",
    "21:32",
    "11:04",
    "01:33",
    "10:03",
    "16:50",
    "01:48",
    "23:45",
    "07:38",
    "22:15",
    "08:23",
    "12:40",
    "07:59",
    "07:17",
    "08:05",
    "03:14",
    "02:45",
    "22:20",
    "17:55",
    "01:19",
    "23:40",
    "07:50",
    "06:12",
    "08:55",
    "15:29",
    "10:11",
    "22:52",
    "06:43",
    "11:40",
    "14:09",
    "13:08",
    "04:50",
    "08:50",
    "16:54",
    "17:45",
    "22:35",
    "01:11",
    "06:09",
    "05:33",
    "01:40",
    "21:10",
    "1:30",
    "13:37",
    "05:20",
    "05:50",
    "14:31",
    "11:11",
    "09:50",
    "13:35",
    "06:21",
    "06:41",
    "11:43",
    "19:27",
    "10:40",
    "12:20",
    "18:10",
    "07:49",
    "18:05",
    "21:20",
    "23:10",
    "18:37",
    "05:04",
    "21:24",
    "07:48",
    "03:51",
    "12:07",
    "17:18",
    "05:55",
    "02:15",
    "02:20",
    "03:10",
    "04:25",
    "19:55",
    "01:12",
    "03:09",
    "13:10",
    "08:03",
    "17:19",
    "22:14",
    "02:38",
    "12:08",
    "06:28",
    "23:11",
    "00:10",
    "22:45",
    "07:56",
    "04:26",
    "23:20",
    "02:19",
    "10:18",
    "14:55",
    "22:36",
    "01:57",
    "09:23",
    "01:24",
    "20:42",
    "09:18",
    "18:49",
    "14:32",
    "18:52",
    "02:17",
    "17:35",
    "22:19",
    "02:47",
    "09:39",
    "05:19",
    "23:49",
    "03:31",
    "06:25",
    "01:34",
    "20:05",
    "14:10",
    "21:43",
    "23:22",
    "19:23",
    "04:18",
    "10:27",
    "11:36",
    "20:51",
    "07:31",
    "22:02",
    "22:37",
    "08:20",
    "16:46",
    "20:55",
    "19:45",
    "17:22",
    "10:06",
    "10:07",
    "07:19",
    "18:46",
    "01:16",
    "06:01",
    "09:08",
    "01:49",
    "02:11",
    "04:51",
    "13:05",
    "16:24",
    "15:25",
    "07:08",
    "18:21",
    "15:51",
    "10:55",
    "19:22",
    "14:26",
    "03:56",
    "19:53",
    "14:53",
    "10:48",
    "20:25",
    "13:03",
    "03:55",
    "19:35",
    "14:51",
    "19:47",
    "22:23",
    "16:23",
    "02:13",
    "03:12",
    "18:22",
    "06:51",
    "14:13",
    "16:04",
    "16:48",
    "19:36",
    "10:22",
    "16:29",
    "02:48",
    "10:41",
    "01:25",
    "00:20",
    "15:09",
    "02:09",
    "00:45",
    "02:32",
    "21:03",
    "14:57",
    "23:57",
    "17:51",
    "14:39",
    "16:59",
    "15:32",
    "21:14",
    "19:26",
    "02:18",
    "01:08",
    "01:43",
    "2:00",
    "19:44",
    "12:51",
    "04:28",
    "07:03",
    "19:11",
    "16:07",
    "22:25",
    "17:21",
    "03:32",
    "10:02",
    "06:44",
    "10:05",
    "10:12",
    "19:25",
    "18:56",
    "01:13",
    "05:25",
    "13:26",
    "22:32",
    "11:12",
    "19:40",
    "13:25",
    "04:34",
    "01:27",
    "03:28",
    "18:34",
    "04:07",
    "17:46",
    "19:17",
    "10:59",
    "20:16",
    "01:39",
    "01:14",
    "05:43",
    "01:55",
    "02:39",
    "02:05",
    "15:56",
    "09:29",
    "22:26",
    "10:21",
    "09:05",
    "22:13",
    "09:25",
    "10:01",
    "01:03",
    "09:26",
    "15:55",
    "18:04",
    "23:44",
    "11:57",
    "22:17",
    "11:35",
    "12:29",
    "09:42",
    "13:22",
    "11:37",
    "19:33",
    "21:23",
    "12:49"
  ],
  "택시-출발지": [
    "none",
    "dontcare",
    "인사동",
    "엄중식",
    "야드 서울",
    "분식회개",
    "잠실역",
    "왕십리역",
    "종각역",
    "서울중앙성원",
    "이럴순없는대",
    "강남역",
    "남산 공원",
    "고속터미널역",
    "충무로역",
    "한국인의김치상",
    "서울숲역",
    "신촌역",
    "명동역",
    "상엽호텔",
    "꿔=바로우",
    "송이모텔",
    "가장맛난간장게장",
    "호텔 파크",
    "롯데백화점 본점",
    "그레이 호텔",
    "디큐브시브",
    "세종대왕 동상",
    "이기자카야",
    "꼬끼오꼬꼬",
    "친구 모텔",
    "홍대역",
    "정모텔",
    "하늘공원",
    "모텔 오월",
    "광화문역",
    "고속터미널 싱글 원룸",
    "삼미여관",
    "까스까스까스",
    "신세계 백화점 본점",
    "노량진 수산물 도매시장",
    "뽀식이네 감자탕",
    "식객",
    "건대입구역",
    "시그니처 서울",
    "석촌호수",
    "여의도 한강공원",
    "이태원역",
    "오동통규동동",
    "피렌체의밤",
    "루이필라프2세",
    "사차원주머니",
    "프린스 호텔 서울",
    "국립 민속 박물관",
    "명동 성당",
    "홀럭키하우스",
    "서울 한양 도성",
    "서울풍경",
    "쉼 인 서울",
    "국립현대미술관 서울관",
    "천호역",
    "메이 호텔 서울",
    "N 서울 타워",
    "심미 호스텔",
    "힐 모텔 서울",
    "월드컵경기장역",
    "모텔 킹",
    "신도림역",
    "밀수업자",
    "충무공 이순신 동상",
    "선릉과 정릉",
    "노량진역",
    "운현궁",
    "잠실 야구 경기장",
    "치키웨이",
    "아카펠라",
    "홍익대학교역",
    "컬렉션",
    "창경궁",
    "노원역",
    "이화여자대학교",
    "가로수길",
    "낙산 공공 미술",
    "남산골 한옥 마을",
    "만칠천무한리필",
    "이촌역",
    "북촌 호텔",
    "주점부리",
    "믿고맡기는초밥",
    "롯데월드 아쿠아리움",
    "혜화역",
    "피에르오뎅",
    "종묘",
    "신답역",
    "선정릉역",
    "외계인의맛집",
    "덕수 하우스",
    "신촌",
    "가야 호텔",
    "파크 호텔",
    "내맘속의나폴리",
    "그레뱅뮤지엄",
    "이대 패션거리",
    "북촌 한옥마을",
    "올림픽공원역",
    "벚꽃 모텔",
    "포레스트 호텔",
    "동대문사문화공원역",
    "경복궁역",
    "봉은사",
    "동대문역",
    "서울 역사 박물관",
    "시청역",
    "팁 앤 스테이크",
    "인왕산",
    "국립 고궁 박물관",
    "서울 시청",
    "압구정역",
    "안국역",
    "동대문 역사 문화 공원",
    "광장시장",
    "홍대입구역",
    "가지가지차이나",
    "스윗소보루",
    "북한산 국립공원",
    "서울숲",
    "슈크림이돌아왔다",
    "김의 옥탑방",
    "서울로7017",
    "사당역",
    "회현역",
    "을지로4가역",
    "더다크",
    "안즈 서울",
    "파크 올리브 서울",
    "남대문시장",
    "서촌 한옥 게스트하우스",
    "국회의사당역",
    "더 프린세스",
    "삼성중앙역",
    "서울스카이",
    "힐링 호텔",
    "회기 하우스",
    "오미야게 호텔",
    "을지로1가역",
    "치킨키친",
    "서울역",
    "동대문 (흥인지문)",
    "식스타임즈",
    "닭발먹고오리발내민다",
    "롯데월드",
    "술판오브디스코",
    "숭례문",
    "진 하우스",
    "문화역서울 284",
    "공룡 에어비엔비",
    "프리미어 호텔",
    "부찌부찌",
    "마장 축산물시장",
    "한시간삼십분식",
    "패밀리 호텔",
    "빈대떡집",
    "돼지조아소조아",
    "밤나무집",
    "삼청동길",
    "삼각지역",
    "서울 에어비엔비",
    "용산역",
    "에버뉴 호텔",
    "명동 쇼핑 거리",
    "서운정",
    "나이팅게일 호스텔",
    "더 그레이 호텔",
    "호스텔 스위스",
    "트릭아이뮤지엄 서울",
    "친구를 만나느라 샵샵샵",
    "대한민국 역사 박물관",
    "회오리라멘",
    "어차피자",
    "호스텔 제이제이",
    "중부시장",
    "한강 공원",
    "그린하우스",
    "홍대앞 거리",
    "청계천",
    "제이 호텔",
    "송이네집",
    "덕수궁",
    "이에스시",
    "회기역",
    "정동극장",
    "서울 대학로",
    "수련 게스트 하우스",
    "창덕궁",
    "타임스퀘어",
    "그린비 에어비엔비",
    "광화역",
    "행운 호텔",
    "월드컵 경기장역",
    "역삼역",
    "한성대입구역",
    "행복 호텔",
    "국립국악원",
    "예술의전당",
    "익선동한옥거리",
    "코엑스 센터",
    "나이스 호스텔",
    "박물관은살아있다 인사동점",
    "투데이",
    "홍대앞 예술시장 프리마켓",
    "낙산공원",
    "코엑스 아쿠아리움",
    "더 그린",
    "삼청각",
    "누가또가재",
    "남산 케이블카",
    "내가만약석박이라면",
    "북악산 서울 성곽",
    "고투 몰",
    "한가한과",
    "이태원",
    "롯데월드타워&몰",
    "동대문 디자인 플라자",
    "서대문 형무소 역사관",
    "올림픽 공원",
    "서초관광정보센터",
    "스노우하우스",
    "공덕 게스트 하우스",
    "화이트모텔",
    "두유노코리안",
    "동키 게스트 하우스",
    "창신역",
    "신도역",
    "삼성미술관 리움",
    "사시사철미식가",
    "두부두부두부",
    "한국의 집",
    "국립중앙박물관",
    "한국 전쟁 기념관",
    "동문 호스텔",
    "낭낭 게스트 하우스",
    "서울 어린이 대공원",
    "별마당 도서관",
    "골드",
    "초롱이네 게스트 하우스",
    "호두나무집",
    "한강진역",
    "몽촌토성역",
    "경희대학교 서울캠퍼스",
    "IFC 몰",
    "봉은사역",
    "조계사",
    "예술의전당역",
    "동대문 쇼핑몰",
    "광화문",
    "여의도 공원",
    "체리",
    "명동난타극장",
    "아차산역",
    "스타필드 코엑스몰",
    "영등포역",
    "63시티",
    "마라톤 서울 호텔",
    "광화문 광장",
    "전주 에어비엔비",
    "머니볼",
    "경복궁",
    "이화 벽화마을",
    "언주역",
    "청와대",
    "헬로우 월드",
    "여의도역",
    "고구려 호스텔",
    "냥이하우스",
    "월드컵경기역",
    "러브뮤지엄",
    "스윗 에어비엔비",
    "종로3가역",
    "서대문역",
    "제우스 호텔",
    "서울 중앙",
    "고속버스터미널역",
    "보랏빛 호텔",
    "수유역",
    "주점뱅이",
    "티호텔",
    "맥스 하우스",
    "삼성동중앙역",
    "분식, 회개",
    "방배역",
    "이대역"
  ]
}